id,full_name,email,job_title,company,phone,join_date
1,Eric Fowler,eric.fowler@murphyvazquezandoconnell.test,"Education officer, community","Murphy, Vazquez and Oconnell",733-870-6105x3459,2017-03-20
2,Drew Tucker,drew.tucker@reedllc.test,"Psychotherapist, dance movement",Reed LLC,645.622.2260x174,2025-06-02
3,Joseph Nelson,joseph.nelson@beardgroup.test,"Psychologist, educational",Beard Group,(471)401-5707x86640,2014-10-30
4,Jennifer Nichols,jennifer.nichols@jonessawyer.test,Retail manager,Jones-Sawyer,477.813.3388x69970,2019-07-20
5,Ashley Ramsey,ashley.ramsey@gutierrezplc.test,Warehouse manager,Gutierrez PLC,001-321-387-0430x4909,2014-02-16
6,Tamara Snyder,tamara.snyder@orozcoerickson.test,"Engineer, site",Orozco-Erickson,4307847941,2022-11-01
7,Danielle Figueroa,danielle.figueroa@morrisinc.test,Theatre manager,Morris Inc,001-834-247-9683x2492,2020-07-11
8,Philip Wagner,philip.wagner@adamsinc.test,Research scientist (physical sciences),Adams Inc,001-304-502-2767x356,2025-01-31
9,Margaret Wagner DVM,margaret.wagner.dvm@owenrodriguez.test,Medical illustrator,Owen-Rodriguez,+1-247-833-8572,2023-05-18
10,Daniel Gonzales,daniel.gonzales@galvanandsons.test,Patent examiner,Galvan and Sons,(692)440-0780x0767,2015-11-24
11,Ralph Jordan,ralph.jordan@gainesplc.test,"Doctor, general practice",Gaines PLC,407.540.9467,2024-08-03
12,Kenneth Jones,kenneth.jones@robinsongreenandbrooks.test,Dispensing optician,"Robinson, Green and Brooks",4124789746,2018-11-06
13,Ashley Nicholson,ashley.nicholson@thompsongroup.test,"Psychologist, counselling",Thompson Group,212.413.2889x4476,2017-11-15
14,Richard Donovan,richard.donovan@ramirezllc.test,Nutritional therapist,Ramirez LLC,311.865.7130,2019-08-21
15,Stacey Murray,stacey.murray@riversreynoldsandrivera.test,"Lecturer, further education","Rivers, Reynolds and Rivera",+1-441-417-3197,2021-04-12
16,Andrew Morgan,andrew.morgan@thomaswheelerandjones.test,Company secretary,"Thomas, Wheeler and Jones",(636)556-1593x62032,2015-11-30
17,Claire Dunn,claire.dunn@ricellc.test,Nutritional therapist,Rice LLC,001-799-513-9433x570,2021-08-21
18,Daniel Copeland,daniel.copeland@lewisltd.test,Make,Lewis Ltd,(727)475-9118,2017-12-24
19,Jordan Clark,jordan.clark@sanchezhawkinsandphillips.test,Fish farm manager,"Sanchez, Hawkins and Phillips",001-228-534-4126x56759,2017-08-18
20,Keith Campbell,keith.campbell@griffindavis.test,Licensed conveyancer,Griffin-Davis,943-889-5506x2840,2017-02-10
21,Douglas Jones,douglas.jones@waregrayandbrown.test,"Production designer, theatre/television/film","Ware, Gray and Brown",(319)691-4644x14515,2025-03-09
22,Malik Jones,malik.jones@penathomas.test,"Designer, blown glass/stained glass",Pena-Thomas,(640)522-0511,2019-04-21
23,John Williams,john.williams@lanesnyderandkelly.test,Set designer,"Lane, Snyder and Kelly",826.490.1309,2021-11-24
24,Miss Brenda Russell,miss.brenda.russell@perkinsbrewer.test,"Engineer, biomedical",Perkins-Brewer,+1-482-743-6302x099,2020-04-14
25,Thomas Green,thomas.green@francisloganandanderson.test,Make,"Francis, Logan and Anderson",885.310.8269,2016-10-02
26,Megan Clark,megan.clark@aguirrelandry.test,"Librarian, academic",Aguirre-Landry,261.675.7802x17639,2016-07-19
27,Steven Farrell,steven.farrell@cunninghaminc.test,Equities trader,Cunningham Inc,(413)441-6912,2017-01-08
28,James Conway,james.conway@fosterjonesandgonzalez.test,Catering manager,"Foster, Jones and Gonzalez",001-533-943-6890x1343,2022-11-03
29,Derek Bond,derek.bond@jimenezbeckandhumphrey.test,Medical technical officer,"Jimenez, Beck and Humphrey",604.651.0895x0400,2018-11-28
30,Jillian Manning,jillian.manning@clarkkelly.test,Chartered certified accountant,Clark-Kelly,757-845-3995x796,2021-07-25
31,Michael Long,michael.long@joycecampbell.test,Product designer,Joyce-Campbell,704.274.6370,2021-09-14
32,Mallory Parks,mallory.parks@rhodesbonilla.test,"Designer, ceramics/pottery",Rhodes-Bonilla,001-827-969-8829x1030,2014-01-30
33,Penny Phillips,penny.phillips@smithdavidson.test,Warehouse manager,Smith-Davidson,(957)321-3480x47440,2018-08-15
34,Shelby Williams,shelby.williams@mooregroup.test,Advertising account planner,Moore Group,(201)897-3513x2617,2022-08-07
35,Gina Mcgrath,gina.mcgrath@perezmcguire.test,"Lecturer, further education",Perez-Mcguire,001-502-629-8578x77066,2024-10-22
36,Dean Clay,dean.clay@moralesrivera.test,Electronics engineer,Morales-Rivera,(722)501-7853x2473,2022-10-17
37,Johnny Harvey,johnny.harvey@hermanwalter.test,Colour technologist,Herman-Walter,001-216-297-2988x12937,2019-12-10
38,Mrs. Christina Diaz,mrs.christina.diaz@martinezparkerandgreen.test,"Teacher, special educational needs","Martinez, Parker and Green",515.487.8847x37891,2015-03-17
39,Leonard Wilson,leonard.wilson@scotthall.test,IT technical support officer,Scott-Hall,9126844759,2021-05-29
40,Alexandria Barton,alexandria.barton@richardsonwalters.test,Trade union research officer,Richardson-Walters,(897)534-3990x682,2016-09-01
41,Michelle Hamilton,michelle.hamilton@hayslewis.test,"Therapist, horticultural",Hays-Lewis,001-867-600-3245x53708,2015-11-05
42,Kim Stout,kim.stout@carrollgroup.test,"Editor, film/video",Carroll Group,(289)611-4453,2017-06-07
43,Randall Harvey,randall.harvey@muellermcbrideandstevenson.test,Advertising copywriter,"Mueller, Mcbride and Stevenson",(963)746-7281,2016-09-25
44,Joseph Farley,joseph.farley@marquezgroup.test,Educational psychologist,Marquez Group,001-628-814-1022x376,2017-05-15
45,Michael Peters,michael.peters@hudsonwallsandortiz.test,Sub,"Hudson, Walls and Ortiz",+1-913-728-7978x16688,2021-12-10
46,Marissa Henson,marissa.henson@longhoweandwatson.test,Further education lecturer,"Long, Howe and Watson",310-908-2156x08561,2019-12-28
47,Sean Huffman,sean.huffman@kingrobinson.test,Commercial/residential surveyor,King-Robinson,001-865-217-9284,2018-06-24
48,Stephen Santana,stephen.santana@solomonplc.test,Water engineer,Solomon PLC,411-840-0006x95236,2021-02-14
49,Justin Brady,justin.brady@johnsonltd.test,"Editor, commissioning",Johnson Ltd,(481)435-8984,2017-11-17
50,Cynthia Price,cynthia.price@mayfloresandbrown.test,Amenity horticulturist,"May, Flores and Brown",+1-699-927-0413x626,2022-09-27
51,Trevor Ruiz,trevor.ruiz@martinjohnson.test,Medical laboratory scientific officer,Martin-Johnson,478.367.0791x385,2025-07-30
52,Elizabeth Schmidt,elizabeth.schmidt@mcclureandsons.test,Naval architect,Mcclure and Sons,001-239-656-3788x800,2015-05-05
53,William Reed,william.reed@boltonllc.test,"Teacher, early years/pre",Bolton LLC,+1-552-800-9076x40158,2017-07-05
54,Laurie Anderson,laurie.anderson@lucasllc.test,Secretary/administrator,Lucas LLC,+1-713-513-3492x6987,2022-11-25
55,Sharon Robinson,sharon.robinson@gonzalezcooper.test,Firefighter,Gonzalez-Cooper,398.359.1312,2024-10-16
56,Tasha Mayer,tasha.mayer@thompsonherringanddudley.test,Pensions consultant,"Thompson, Herring and Dudley",453-765-2438x0923,2016-02-02
57,Thomas Clark,thomas.clark@mercadorosario.test,Public relations officer,Mercado-Rosario,518.600.7704x90606,2017-06-09
58,Caroline Fleming,caroline.fleming@shepardtapia.test,Illustrator,Shepard-Tapia,001-680-342-9047x8682,2014-12-31
59,Angela Goodwin,angela.goodwin@norrisinc.test,"Engineer, water",Norris Inc,227.835.7561x4842,2016-07-08
60,Jill Lee,jill.lee@garciahuangandmorgan.test,International aid/development worker,"Garcia, Huang and Morgan",567.498.2680x42198,2015-01-10
61,James Guerrero,james.guerrero@weissmilesandhughes.test,Cartographer,"Weiss, Miles and Hughes",+1-820-592-5053x60963,2020-12-09
62,Kathleen Lewis,kathleen.lewis@lopezhall.test,Arts administrator,Lopez-Hall,331.625.8162x3846,2017-12-27
63,Brian Vaughn,brian.vaughn@bassleon.test,"Geologist, wellsite",Bass-Leon,001-774-270-1005,2025-07-11
64,Joseph Clark,joseph.clark@fordinc.test,Industrial/product designer,Ford Inc,(930)851-1082x1883,2017-03-02
65,Michael White,michael.white@reyesdavis.test,"Engineer, maintenance (IT)",Reyes-Davis,(674)836-0303,2015-10-07
66,Michelle Pratt DDS,michelle.pratt.dds@parkerdavisandmyers.test,Clothing/textile technologist,"Parker, Davis and Myers",5603069585,2024-11-23
67,Bryan Smith,bryan.smith@johnsonllc.test,Water engineer,Johnson LLC,828-368-2132x965,2023-05-25
68,Eileen Collins,eileen.collins@millermooreandjones.test,Fisheries officer,"Miller, Moore and Jones",9498632669,2025-09-28
69,Samuel Glover,samuel.glover@masseyplc.test,"Engineer, aeronautical",Massey PLC,+1-872-403-6624x9357,2022-12-26
70,Michael Shaw,michael.shaw@weissramosandknight.test,Analytical chemist,"Weiss, Ramos and Knight",001-813-253-8884x55185,2014-04-01
71,Edward Jackson,edward.jackson@montgomeryinc.test,"Pilot, airline",Montgomery Inc,+1-523-391-7519x4498,2023-08-30
72,James Morton,james.morton@johnsonandsons.test,Patent attorney,Johnson and Sons,001-387-757-5483x12555,2022-04-22
73,Brandon Tran,brandon.tran@jamesgroup.test,"Teacher, special educational needs",James Group,(267)683-6795x4085,2018-02-23
74,John Luna,john.luna@hawkinsburtonandstout.test,Museum/gallery conservator,"Hawkins, Burton and Stout",+1-867-233-5093x8794,2014-05-15
75,Philip Choi MD,philip.choi.md@bennettandsons.test,Theme park manager,Bennett and Sons,773.888.6742x775,2017-01-07
76,Jennifer Larson,jennifer.larson@steeleltd.test,Chief Financial Officer,Steele Ltd,880.597.3906x577,2018-05-21
77,Justin Johnson,justin.johnson@murrayadamsandpatterson.test,Environmental manager,"Murray, Adams and Patterson",542-401-9715,2020-08-17
78,Adrian Bishop,adrian.bishop@rowlandhernandezandstewart.test,Technical sales engineer,"Rowland, Hernandez and Stewart",(389)731-2865,2018-04-24
79,Stephen Lambert,stephen.lambert@dunnlarson.test,Operational researcher,Dunn-Larson,993-665-0908,2021-10-10
80,Louis Dunlap,louis.dunlap@holmesbuckley.test,"Engineer, manufacturing",Holmes-Buckley,+1-512-951-6944x25594,2017-08-22
81,Holly Contreras,holly.contreras@barkerfreeman.test,"Administrator, sports",Barker-Freeman,+1-859-811-4765x085,2017-02-07
82,Tammy Wiley,tammy.wiley@stricklandedwardsandmeza.test,"Horticulturist, commercial","Strickland, Edwards and Meza",(521)490-5479x8739,2019-11-18
83,Amanda Little,amanda.little@ricechambers.test,Legal executive,Rice-Chambers,926.481.1072,2021-09-04
84,Mr. Fernando Cordova,mr.fernando.cordova@sosagonzalesandfriedman.test,Electronics engineer,"Sosa, Gonzales and Friedman",244.246.6988x903,2016-02-03
85,Miranda Carlson,miranda.carlson@priceandsons.test,Records manager,Price and Sons,+1-804-625-8717,2017-07-27
86,Brandon Rivas,brandon.rivas@johnsongroup.test,Child psychotherapist,Johnson Group,(865)800-5988x823,2020-07-16
87,Tyler Parks,tyler.parks@jonesraymond.test,"Psychologist, forensic",Jones-Raymond,998-942-6017x4228,2022-11-21
88,Casey Gallegos,casey.gallegos@mullenadams.test,"Surveyor, quantity",Mullen-Adams,001-494-708-5151x778,2019-08-17
89,David Love,david.love@smithwilliams.test,Site engineer,Smith-Williams,9556447404,2014-01-07
90,Joseph White,joseph.white@walterspena.test,"Education officer, environmental",Walters-Pena,(479)268-7834x297,2018-05-12
91,Nathan Page,nathan.page@santiagoboyer.test,"Restaurant manager, fast food",Santiago-Boyer,368.778.9164x31446,2019-10-10
92,Amber Douglas,amber.douglas@chapmanbeck.test,Holiday representative,Chapman-Beck,+1-878-890-3781x469,2021-09-01
93,Rachael Villa,rachael.villa@mooregonzalezandcarrillo.test,"Designer, interior/spatial","Moore, Gonzalez and Carrillo",001-776-479-8345,2015-02-16
94,Anthony Christensen,anthony.christensen@morsestewart.test,"Nurse, learning disability",Morse-Stewart,+1-276-367-5671x2580,2017-03-31
95,Lynn Smith,lynn.smith@johnsonllc.test,Airline pilot,Johnson LLC,779.593.7056,2014-01-23
96,Alexa Wilson,alexa.wilson@fosterinc.test,"Engineer, communications",Foster Inc,453-353-9149x282,2024-05-17
97,Destiny Garcia,destiny.garcia@moorechenandcarroll.test,Recruitment consultant,"Moore, Chen and Carroll",001-710-227-3016,2023-10-07
98,Sandra Osborn,sandra.osborn@solomonbennettandhodges.test,Armed forces logistics/support/administrative officer,"Solomon, Bennett and Hodges",9392714887,2017-05-02
99,Dr. Casey Davenport MD,dr.casey.davenport.md@morriswilliams.test,Ship broker,Morris-Williams,001-764-716-0467x863,2019-09-11
100,Nicole Zamora,nicole.zamora@maciasinc.test,Office manager,Macias Inc,(263)402-5249,2019-02-09
101,Brianna Johnson,brianna.johnson@bradfordandsons.test,Chief Operating Officer,Bradford and Sons,001-706-405-9983x60097,2018-04-12
102,Blake Pollard,blake.pollard@parkerporterandlucas.test,"Administrator, Civil Service","Parker, Porter and Lucas",(968)252-5899,2020-09-23
103,Joseph Wang,joseph.wang@floydpughandconley.test,Legal executive,"Floyd, Pugh and Conley",+1-556-563-8399x91139,2022-10-23
104,Robin Herrera,robin.herrera@savagegonzalez.test,Personal assistant,Savage-Gonzalez,433.820.9986,2018-10-14
105,Sean Phillips,sean.phillips@tuckerandsons.test,"Embryologist, clinical",Tucker and Sons,695-680-1619x22788,2017-08-20
106,Darlene Khan,darlene.khan@fernandezrice.test,Politician's assistant,Fernandez-Rice,720.214.4728x155,2025-03-02
107,Maria Cohen,maria.cohen@obriennormanandperez.test,Meteorologist,"Obrien, Norman and Perez",715-549-3267x82492,2019-07-25
108,Brittany Orr,brittany.orr@whitegreeneandgray.test,Building control surveyor,"White, Greene and Gray",690-768-2152,2023-01-15
109,Isaac Kennedy,isaac.kennedy@briggsgravesandsmith.test,"Engineer, agricultural","Briggs, Graves and Smith",001-997-393-8240x53407,2019-12-11
110,Martin Garcia,martin.garcia@chandlerestrada.test,Toxicologist,Chandler-Estrada,(447)602-7379,2019-07-25
111,Laura Moore,laura.moore@edwardsyangandhendrix.test,Actuary,"Edwards, Yang and Hendrix",+1-739-217-2098x230,2015-09-11
112,Robin Jackson,robin.jackson@collinsplc.test,Engineering geologist,Collins PLC,810.399.6952,2019-02-18
113,Lauren Shaw,lauren.shaw@rogersthompsonandbond.test,Arts administrator,"Rogers, Thompson and Bond",621.357.3415,2017-03-01
114,Jill Jackson,jill.jackson@gordonltd.test,Higher education careers adviser,Gordon Ltd,+1-363-448-9926,2017-07-10
115,Joshua Ortiz,joshua.ortiz@delgadohansenandbrown.test,Food technologist,"Delgado, Hansen and Brown",+1-246-305-9274,2025-07-11
116,Carla Parsons,carla.parsons@pattersongutierrez.test,"Surveyor, quantity",Patterson-Gutierrez,001-277-370-6024x90632,2023-10-30
117,Frank Mcclure,frank.mcclure@leeltd.test,Engineering geologist,Lee Ltd,(972)737-0113,2014-12-12
118,Robert Murray,robert.murray@mcleangroup.test,Prison officer,Mclean Group,(735)760-8240,2016-06-04
119,Renee Rivera,renee.rivera@hunterinc.test,"Scientist, biomedical",Hunter Inc,(626)848-9207x900,2020-02-01
120,Marc Clements,marc.clements@brewerrosario.test,Charity fundraiser,Brewer-Rosario,428.380.9436x00363,2014-01-15
121,Michael Phillips,michael.phillips@sanfordrussell.test,Planning and development surveyor,Sanford-Russell,(556)552-0380x6490,2020-05-14
122,Jon Howard,jon.howard@reyesgreenandwilliams.test,Animal nutritionist,"Reyes, Green and Williams",+1-664-989-8324x56760,2021-11-11
123,Tyrone Hatfield,tyrone.hatfield@schmidtdavidsonandbennett.test,Network engineer,"Schmidt, Davidson and Bennett",546.506.7115,2022-06-19
124,Benjamin Norton,benjamin.norton@stoneandsons.test,Manufacturing systems engineer,Stone and Sons,(679)989-7266,2025-03-25
125,Brandon Herrera,brandon.herrera@dennistran.test,"Journalist, broadcasting",Dennis-Tran,235.520.4475,2023-09-24
126,Anna Campbell,anna.campbell@campbellgroup.test,Fine artist,Campbell Group,6006243609,2019-10-14
127,Samantha Atkinson,samantha.atkinson@hendricksperry.test,Network engineer,Hendricks-Perry,3597789290,2014-06-23
128,Timothy Oliver,timothy.oliver@olsonmitchellandrobles.test,Local government officer,"Olson, Mitchell and Robles",889-353-6003x96445,2023-07-30
129,Lindsay Johnson,lindsay.johnson@kellyplc.test,"Psychologist, educational",Kelly PLC,001-772-265-9734x3316,2017-11-19
130,Michael Ford,michael.ford@greenellc.test,Site engineer,Greene LLC,001-986-301-2925x188,2018-05-16
131,Joshua Anderson,joshua.anderson@phillipslong.test,Operational researcher,Phillips-Long,829-843-7637x1297,2020-05-30
132,Steven Leblanc,steven.leblanc@fuentesfox.test,Television camera operator,Fuentes-Fox,634.629.9748x48716,2022-04-22
133,Alyssa Rivera,alyssa.rivera@owensmartinezandandersen.test,Building surveyor,"Owens, Martinez and Andersen",001-500-409-9115,2017-11-11
134,Steven Mejia,steven.mejia@smithgallegosandcarlson.test,Museum/gallery conservator,"Smith, Gallegos and Carlson",001-912-980-7896x84927,2015-07-12
135,Philip Stewart,philip.stewart@freemanfranklinandpetersen.test,"Engineer, mining","Freeman, Franklin and Petersen",971.401.1767,2019-08-04
136,Katherine Dickson,katherine.dickson@garciainc.test,Landscape architect,Garcia Inc,001-866-333-5845,2023-03-23
137,Gary Baker,gary.baker@andersonschwartzandyoung.test,Holiday representative,"Anderson, Schwartz and Young",(390)925-1688,2021-09-01
138,Elizabeth Long,elizabeth.long@bairdorrandmurphy.test,"Merchandiser, retail","Baird, Orr and Murphy",+1-270-848-5312x50300,2024-09-01
139,Adriana Morris,adriana.morris@goodwinross.test,Estate agent,Goodwin-Ross,001-495-875-8749x6201,2017-07-08
140,Troy Garrett,troy.garrett@youngplc.test,Training and development officer,Young PLC,568-542-3955,2018-10-08
141,Mr. Brent Haney,mr.brent.haney@fosterchavez.test,"Programmer, systems",Foster-Chavez,+1-232-729-0460x677,2023-04-13
142,Rachel Acevedo,rachel.acevedo@zavalabaldwin.test,Health and safety inspector,Zavala-Baldwin,+1-621-213-2470x86468,2025-03-21
143,Cynthia Copeland,cynthia.copeland@mckeeinc.test,"Engineer, site",Mckee Inc,2962657947,2017-11-10
144,Ms. Julia Alexander DVM,ms.julia.alexander.dvm@lewisandsons.test,Chief Technology Officer,Lewis and Sons,458-641-1429x09650,2017-07-06
145,Tony Hurst,tony.hurst@haasltd.test,Stage manager,Haas Ltd,001-593-818-8752x16971,2015-11-10
146,Tara Vance,tara.vance@morrishansen.test,Paramedic,Morris-Hansen,001-497-399-7883,2019-11-14
147,Daniel Rojas,daniel.rojas@jonesharrington.test,Financial risk analyst,Jones-Harrington,001-703-972-6651,2018-07-09
148,William Flynn,william.flynn@zavalajimenezandholland.test,Forest/woodland manager,"Zavala, Jimenez and Holland",803.459.0415x9327,2022-07-24
149,Jennifer Taylor,jennifer.taylor@cummingsanderson.test,Risk manager,Cummings-Anderson,001-643-849-6717x6963,2014-08-02
150,Katherine Moran,katherine.moran@wheelerallison.test,Museum education officer,Wheeler-Allison,001-508-625-8569x488,2025-04-16
151,Benjamin Buchanan,benjamin.buchanan@gonzalezsmith.test,Advice worker,Gonzalez-Smith,001-434-495-8603x677,2022-06-07
152,Andrew Moore,andrew.moore@schaeferchristian.test,"Scientist, forensic",Schaefer-Christian,982-478-0641,2020-11-23
153,Eric Davidson,eric.davidson@hensleyanderson.test,Adult guidance worker,Hensley-Anderson,3279775441,2019-05-26
154,Manuel Franklin,manuel.franklin@mcdonaldinc.test,Emergency planning/management officer,Mcdonald Inc,001-939-983-9165x8955,2023-07-28
155,Carlos Price,carlos.price@robertspearson.test,Barrister,Roberts-Pearson,+1-253-834-6882x0103,2019-10-16
156,Thomas Becker,thomas.becker@holtltd.test,Adult guidance worker,Holt Ltd,(711)881-8698,2018-08-19
157,Erica Lynn,erica.lynn@clarkandsons.test,Pathologist,Clark and Sons,574.992.0046,2019-01-03
158,Julia Mitchell,julia.mitchell@robinsonlyons.test,"Designer, fashion/clothing",Robinson-Lyons,+1-425-281-6230,2017-04-29
159,William Weiss,william.weiss@perezltd.test,Building surveyor,Perez Ltd,542-725-7679x995,2023-01-19
160,Caitlin Schmidt,caitlin.schmidt@blakemurray.test,"Psychologist, occupational",Blake-Murray,001-301-623-7330,2025-03-15
161,Matthew Vance,matthew.vance@williamsmartinandstrickland.test,Artist,"Williams, Martin and Strickland",382-665-4083,2024-06-10
162,Phillip Malone,phillip.malone@marquezplc.test,Associate Professor,Marquez PLC,(209)585-5164x2723,2015-03-08
163,Scott Martinez,scott.martinez@gallagherlynch.test,"Designer, blown glass/stained glass",Gallagher-Lynch,876-313-2684x041,2023-06-17
164,Lisa Morales,lisa.morales@flowerssantosandrivera.test,Chief Marketing Officer,"Flowers, Santos and Rivera",940-554-3710x25154,2017-04-23
165,Timothy Brandt,timothy.brandt@baldwingroup.test,Armed forces logistics/support/administrative officer,Baldwin Group,(780)881-9773x5477,2024-04-11
166,Paula Oliver,paula.oliver@lanekim.test,Sports coach,Lane-Kim,(830)676-8442x919,2025-01-02
167,Harry Keith,harry.keith@colongroup.test,Museum/gallery curator,Colon Group,6586095120,2021-02-25
168,Rachel Alvarez,rachel.alvarez@smithbrownandmcdonald.test,"Doctor, general practice","Smith, Brown and Mcdonald",502.690.5483x2637,2019-12-08
169,Lisa Taylor,lisa.taylor@cooleyltd.test,IT technical support officer,Cooley Ltd,954.570.9677x5577,2014-04-08
170,Julie Hayden,julie.hayden@powellrogersandchambers.test,Ambulance person,"Powell, Rogers and Chambers",636-696-8712x619,2016-08-14
171,Donna Jackson,donna.jackson@smithwilkersonandguerrero.test,Chartered public finance accountant,"Smith, Wilkerson and Guerrero",859.883.8373,2023-07-31
172,Stephanie Oneal,stephanie.oneal@johnsonkelley.test,"Therapist, speech and language",Johnson-Kelley,001-480-719-1759x1719,2019-05-18
173,Misty Jackson,misty.jackson@morrisonmorton.test,"Designer, ceramics/pottery",Morrison-Morton,+1-241-561-8337x97758,2020-11-26
174,Molly Johnson,molly.johnson@cochrangroup.test,"Designer, jewellery",Cochran Group,001-635-447-2066x635,2025-08-23
175,Christopher Pearson,christopher.pearson@pettymoore.test,Teaching laboratory technician,Petty-Moore,001-359-996-6036x12058,2020-12-24
176,Gregory Watkins,gregory.watkins@robinsonenglishandbartlett.test,"Teacher, early years/pre","Robinson, English and Bartlett",+1-492-269-6062,2024-10-06
177,Brenda Smith,brenda.smith@waterstorres.test,Wellsite geologist,Waters-Torres,415.897.8913,2020-04-24
178,Allison Walker,allison.walker@boonemurphyandsexton.test,Fish farm manager,"Boone, Murphy and Sexton",8939869450,2018-02-22
179,Alec Mcintyre,alec.mcintyre@gallowaymcdaniel.test,Management consultant,Galloway-Mcdaniel,(619)965-1964x064,2023-04-28
180,Brittany Johnson,brittany.johnson@taylorbarry.test,"Engineer, communications",Taylor-Barry,804-267-5745,2021-01-24
181,Carolyn Smith,carolyn.smith@martinbowman.test,Games developer,Martin-Bowman,001-680-578-5576,2016-06-07
182,Stephen Hurst,stephen.hurst@brucechandlerandpittman.test,Actor,"Bruce, Chandler and Pittman",4283706153,2016-06-17
183,Miss Laurie Baker MD,miss.laurie.baker.md@mahoneygroup.test,"Scientist, research (medical)",Mahoney Group,001-706-574-6204x11415,2015-01-13
184,Larry Estrada,larry.estrada@lesterpayne.test,Training and development officer,Lester-Payne,278-523-4245x6836,2022-04-27
185,Chad Miller,chad.miller@nguyenwilsonandwalker.test,Dietitian,"Nguyen, Wilson and Walker",379.287.8568,2023-08-19
186,Mrs. Michelle Neal,mrs.michelle.neal@smithlunaandyoung.test,Historic buildings inspector/conservation officer,"Smith, Luna and Young",+1-980-985-8872x453,2021-03-02
187,David Clark,david.clark@smithsanchezandholder.test,"Therapist, nutritional","Smith, Sanchez and Holder",723-421-2836x74847,2021-10-13
188,Christopher Brewer,christopher.brewer@bensonstoneandrios.test,"Librarian, public","Benson, Stone and Rios",(279)650-6249,2022-04-24
189,Kristen Macias,kristen.macias@jenkinsfranco.test,Education administrator,Jenkins-Franco,(887)793-7122,2018-11-04
190,Kimberly Burton,kimberly.burton@normanplc.test,Statistician,Norman PLC,949.781.5069x30120,2023-07-12
191,Timothy Kim,timothy.kim@robertsltd.test,"Conservator, museum/gallery",Roberts Ltd,429.581.5093x6303,2019-05-30
192,Kimberly Adams,kimberly.adams@hobbsandsons.test,Arts development officer,Hobbs and Sons,(228)432-6799x9155,2014-10-11
193,Justin Andersen,justin.andersen@torreschangandhall.test,English as a foreign language teacher,"Torres, Chang and Hall",625-852-4898x1024,2022-05-11
194,Terry Ward,terry.ward@gibsonandsons.test,Professor Emeritus,Gibson and Sons,646.421.9254,2019-05-27
195,Richard Thornton,richard.thornton@taylorprice.test,"Merchandiser, retail",Taylor-Price,+1-257-438-1399x36335,2013-12-14
196,Michael Turner,michael.turner@burnsplc.test,"Presenter, broadcasting",Burns PLC,+1-235-366-6468x4656,2014-11-04
197,Cathy Gregory,cathy.gregory@ochoaperkins.test,Estate manager/land agent,Ochoa-Perkins,630.756.8327x73876,2025-02-13
198,Samantha Abbott,samantha.abbott@chasesmithanddixon.test,Telecommunications researcher,"Chase, Smith and Dixon",904-566-5842x0719,2024-06-25
199,Robert Rose,robert.rose@sweeneyltd.test,"Engineer, energy",Sweeney Ltd,(574)450-1200x5787,2025-01-21
200,Anita Ingram,anita.ingram@castillolee.test,"Scientist, clinical (histocompatibility and immunogenetics)",Castillo-Lee,622.744.2561x6138,2017-10-23
